"Marca temporal","Apellido Paterno","Apellido materno","Nombres completos","Por favor, indíquenos su correo electrónico de GMAIL
Esta info es necesaria para darles acceso al Google Drive con el contenido del curso.","Máximo nivel de estudios alcanzados","¿Alguna vez ha participado en el desarollo de un estudio de investigación científica?","En toda su vida, ¿cuántos trabajos de investigación ha publicado en alguna revista científica? 
Poner 0, si no ha publicado ningún estudio.","En toda su vida, ¿ha participado en el análisis de datos de algún estudio de investigación científica?","En toda su vida, ¿ha participado en el análisis de datos para otras actividades no relacionadas a investigación científica (p. ej., reportes de brotes, vigilancia, estadísticas hospitalarias, gestión, etc.)?","Por favor, para CADA programa de análisis estadístico, indique el nivel de manejo que Ud. considera que tiene. Si no lo conoce, marque Desconosco. [Stata]","Por favor, para CADA programa de análisis estadístico, indique el nivel de manejo que Ud. considera que tiene. Si no lo conoce, marque Desconosco. [R]","Por favor, para CADA programa de análisis estadístico, indique el nivel de manejo que Ud. considera que tiene. Si no lo conoce, marque Desconosco. [SPSS]","Por favor, para CADA programa de análisis estadístico, indique el nivel de manejo que Ud. considera que tiene. Si no lo conoce, marque Desconosco. [Python]","Por favor, para CADA programa de análisis estadístico, indique el nivel de manejo que Ud. considera que tiene. Si no lo conoce, marque Desconosco. [Julia]","Por favor, para CADA programa de análisis estadístico, indique el nivel de manejo que Ud. considera que tiene. Si no lo conoce, marque Desconosco. [Minitab]","Por favor, para CADA programa de análisis estadístico, indique el nivel de manejo que Ud. considera que tiene. Si no lo conoce, marque Desconosco. [RevMan]","Por favor, para CADA programa de análisis estadístico, indique el nivel de manejo que Ud. considera que tiene. Si no lo conoce, marque Desconosco. [Jamovi]","¿En alguno de estos programas estadísticos presentados, ha tenido que usar código / comandos para el análisis o manejo de datos?","La computadora o laptop que usará para este curso, ¿con qué sistema operativo cuenta?"
"2022/10/03 2:11:43 p. m. GMT-5","Godoy","Vila","Victoria Angelica ","1","Estudios de Maestría (en curso)","Sí","0","Sí","Sí","Desconosco","Desconosco","Básico","Desconosco","Básico","Desconosco","Desconosco","Desconosco","He usado algún programa estadístico, pero no necesité escribir código ni comandos.","Windows 10"
"2022/10/03 2:13:12 p. m. GMT-5","Moreno ","Moncada ","Kenny Hassan ","1","Título","No","0","No","No","Desconosco","Desconosco","Desconosco","Desconosco","Desconosco","Desconosco","Desconosco","Desconosco","No he usado ningun programa estadístico","Windows 10"
"2022/10/03 2:14:44 p. m. GMT-5","AGUIRRE","CHAVEZ","HUMANIA","1","Estudios de Maestría (concluidos)","No","0","No","Sí","Desconosco","Desconosco","Básico","Desconosco","Desconosco","Desconosco","Desconosco","Desconosco","No he usado ningun programa estadístico","Windows 10"
"2022/10/03 2:15:30 p. m. GMT-5","GODOY","VILA","VICTORIA ANGELICA","1","Estudios de Maestría (en curso)","Sí","1","Sí","Sí","Desconosco","Desconosco","Básico","Desconosco","Básico","Desconosco","Desconosco","Desconosco","He usado algún programa estadístico, pero no necesité escribir código ni comandos.","Windows 10"
"2022/10/03 2:17:11 p. m. GMT-5","ALARCON","SANTOS","JAVIER EDMUNDO"," 1","Estudios de Maestría (concluidos)","Sí","5","Sí","No","Intermedio","Desconosco","Desconosco","Desconosco","Desconosco","Desconosco","Desconosco","Desconosco","He usado agún programa estadístico y he usado códigos o comandos","Windows 10"
"2022/10/03 2:57:47 p. m. GMT-5","VALVERDE","BEJAR","ANA MARIA"," amvalverde1000@gmail.com","Estudios de Maestría (concluidos)","Sí","0","Sí","No","Desconosco","Desconosco","Básico","Desconosco","Desconosco","Básico","Desconosco","Desconosco","He usado algún programa estadístico, pero no necesité escribir código ni comandos.","Windows 10"
"2022/10/03 2:58:35 p. m. GMT-5","GUZMAN","COLLAZOS","MARITZA","maritzagc654@gmail.com","Grado de Maestría","Sí","2","Sí","Sí","Desconosco","Desconosco","Desconosco","Desconosco","Desconosco","Desconosco","Desconosco","Desconosco","No he usado ningun programa estadístico","Windows 10"
"2022/10/03 2:59:19 p. m. GMT-5","MORI","GUILLEN","EDUARDO","edumogi@gmail.com","Estudios de Maestría (en curso)","No","0","No","Sí","Desconosco","Desconosco","Básico","Desconosco","Desconosco","Desconosco","Desconosco","Desconosco","He usado algún programa estadístico, pero no necesité escribir código ni comandos.","Windows 10"
"2022/10/03 2:59:20 p. m. GMT-5","ALARCON","SANTOS","JAVIER EDMUNDO","edmundojas@gmail.com","Estudios de Maestría (concluidos)","Sí","5","Sí","No","Intermedio","Desconosco","Desconosco","Desconosco","Desconosco","Desconosco","Desconosco","Desconosco","He usado agún programa estadístico y he usado códigos o comandos","Windows 10"
"2022/10/03 2:59:30 p. m. GMT-5","Ronceros","Del Rio","Jose","jhomageme@gmail.com","Título","No","0","No","No","","Básico","","","","","","","He usado algún programa estadístico, pero no necesité escribir código ni comandos.","Windows 10"
"2022/10/03 2:59:54 p. m. GMT-5","Racchumí","Vela","Augusto Elmer","raccveing@gmail.com","Estudios de Maestría (en curso)","Sí","3","Sí","Sí","Intermedio","Intermedio","Intermedio","Básico","Desconosco","Intermedio","Desconosco","Intermedio","He usado agún programa estadístico y he usado códigos o comandos","Windows 10"
"2022/10/03 3:18:29 p. m. GMT-5","SANCHEZ","JUSTO","LENY","ansaju28@gmail.com ","Grado de Maestría","Sí","6","Sí","No","Básico","Básico","Desconosco","Desconosco","Desconosco","Desconosco","Desconosco","Básico","He usado agún programa estadístico y he usado códigos o comandos","Windows 10"
"2022/10/03 4:13:50 p. m. GMT-5","Tupa","Salas","Yan Zvi","iantupa8@gmail.com ","Título","Sí","2","No","No","Desconosco","Desconosco","Básico","Desconosco","Desconosco","Desconosco","Desconosco","Desconosco","No he usado ningun programa estadístico","Windows 11"
"2022/10/03 4:15:01 p. m. GMT-5","Moreno ","Moncada","Kenny Hassan ","moncadahassan@gmail.com ","Título","No","0","No","No","Desconosco","Desconosco","Desconosco","Desconosco","Desconosco","Desconosco","Desconosco","Desconosco","No he usado ningun programa estadístico","Windows 10"
"2022/10/03 4:32:05 p. m. GMT-5","PALOMINO","HUARACA","ELVIS","elvispalomino2018@gmail.com","Estudios de Maestría (en curso)","Sí","0","Sí","Sí","Desconosco","Desconosco","Básico","Desconosco","Desconosco","Desconosco","Desconosco","Desconosco","He usado algún programa estadístico, pero no necesité escribir código ni comandos.","Windows 10"
"2022/10/03 4:34:19 p. m. GMT-5","Cisneros","Cisneros ","Marlene Lourdes","dra.lourdescisneros@gmail.com","Estudios de Maestría (en curso)","Sí","0","Sí","Sí","Básico","Desconosco","Básico","Desconosco","Desconosco","Desconosco","Básico","Desconosco","He usado agún programa estadístico y he usado códigos o comandos","Windows 10"
"2022/10/03 8:33:40 p. m. GMT-5","CRUZ","BEJARANO","SEGUNDO ROGELIO","scruzb@gmail.com","Estudios de doctorado (concluidos)","Sí","8","Sí","Sí","Desconosco","Desconosco","Intermedio","Desconosco","Desconosco","Desconosco","Intermedio","Desconosco","He usado algún programa estadístico, pero no necesité escribir código ni comandos.","Otro Windows"